Date,Open,High,Low,Close,Adj Close,Volume
2012-12-31,9.690000,9.850000,9.460000,9.800000,8.549990,31894063
2013-01-04,9.880000,9.960000,9.510000,9.660000,8.427846,34853809
2013-01-07,9.560000,9.660000,9.390000,9.600000,8.375500,27840159
2013-01-08,9.540000,9.580000,9.200000,9.370000,8.174837,33990648
2013-01-09,9.350000,9.550000,9.300000,9.390000,8.192285,22895718
2013-01-10,9.380000,9.590000,9.220000,9.370000,8.174837,20843271
2013-01-11,9.360000,9.420000,9.110000,9.140000,7.974174,28869052
2013-01-14,9.130000,9.590000,9.110000,9.510000,8.296980,39079850
2013-01-15,9.570000,9.710000,9.520000,9.610000,8.384224,28064389
2013-01-16,9.600000,9.650000,9.240000,9.400000,8.201009,22286852
2013-01-17,9.360000,9.580000,9.220000,9.400000,8.201009,26195680
2013-01-18,9.470000,9.520000,9.210000,9.400000,8.201009,44631420
2013-01-21,9.390000,9.410000,9.250000,9.350000,8.157388,25748119
2013-01-22,9.350000,9.400000,9.190000,9.250000,8.070143,36666309
2013-01-23,9.220000,9.230000,8.960000,9.150000,7.982897,31760514
2013-01-24,9.130000,9.520000,9.090000,9.180000,8.009072,60530378
2013-01-25,9.140000,9.270000,9.040000,9.060000,7.904379,24267556
2013-01-28,9.100000,9.650000,9.100000,9.640000,8.410398,65935071
2013-01-29,9.610000,10.190000,9.610000,10.180000,8.881519,96127080
2013-01-30,10.230000,10.760000,10.140000,10.480000,9.143252,92615360
2013-01-31,10.440000,10.700000,10.350000,10.490000,9.151978,52927667
2013-02-01,10.360000,11.510000,10.300000,11.350000,9.902284,85454907
2013-02-04,11.700000,12.490000,11.490000,11.860000,10.347231,136689361
2013-02-05,11.710000,11.950000,11.450000,11.880000,10.364680,81607836
2013-02-06,11.880000,12.290000,11.800000,11.880000,10.364680,72459547
2013-02-07,11.810000,12.200000,11.550000,12.070000,10.530446,73679572
2013-02-08,12.080000,12.110000,11.660000,11.780000,10.277435,55491284
2013-02-18,11.880000,11.920000,11.350000,11.370000,9.919733,45035310
2013-02-19,11.340000,11.460000,10.980000,11.090000,9.675447,55820687
2013-02-20,11.060000,11.090000,10.710000,11.010000,9.605652,46238688
2013-02-21,10.810000,10.810000,10.300000,10.440000,9.108356,51883929
2013-02-22,10.440000,10.610000,10.380000,10.430000,9.099633,32467713
2013-02-25,10.580000,10.770000,10.450000,10.490000,9.151978,34147516
2013-02-26,10.200000,10.670000,9.950000,10.270000,8.960039,127965624
2013-02-27,10.310000,10.720000,10.280000,10.520000,9.178151,89749376
2013-02-28,10.620000,11.120000,10.430000,11.110000,9.692895,132557492
2013-03-01,11.090000,11.450000,10.890000,11.380000,9.928457,127185271
2013-03-04,11.030000,11.330000,10.600000,10.800000,9.422438,102381733
2013-03-05,10.990000,11.640000,10.730000,11.600000,10.120396,103562464
2013-03-06,11.650000,11.950000,11.420000,11.510000,10.041876,98772674
2013-03-07,11.550000,11.670000,10.820000,11.170000,9.745243,81735052
2013-03-08,11.180000,11.250000,10.670000,10.690000,9.326467,67888786
2013-03-11,10.650000,10.850000,10.430000,10.580000,9.230498,45216714
2013-03-12,10.610000,10.920000,10.320000,10.520000,9.178151,63796777
2013-03-13,10.520000,10.580000,10.260000,10.320000,9.003662,39757917
2013-03-14,10.280000,10.450000,10.250000,10.300000,8.986214,31594404
2013-03-15,10.350000,10.860000,10.050000,10.510000,9.169427,100447820
2013-03-18,10.440000,10.500000,10.210000,10.290000,8.977488,51741057
2013-03-19,10.320000,10.620000,10.200000,10.540000,9.195601,58554254
2013-03-20,10.510000,11.120000,10.500000,11.040000,9.631824,111120267
2013-03-21,11.030000,11.090000,10.800000,10.950000,9.553304,63477794
2013-03-22,10.900000,10.970000,10.730000,10.830000,9.448612,37645808
2013-03-25,10.800000,10.940000,10.460000,10.510000,9.169427,55672751
2013-03-26,10.430000,10.430000,10.140000,10.200000,8.898969,49469091
2013-03-27,10.230000,10.390000,10.070000,10.270000,8.960039,40813713
2013-03-28,10.000000,10.000000,9.580000,9.610000,8.384224,58489960
2013-03-29,9.630000,9.720000,9.480000,9.500000,8.288255,27061926
2013-04-01,9.510000,9.680000,9.480000,9.570000,8.349325,22272445
2013-04-02,9.620000,9.780000,9.540000,9.650000,8.419123,32113432
2013-04-03,9.690000,9.760000,9.510000,9.610000,8.384224,23949469
2013-04-08,9.360000,9.520000,9.240000,9.460000,8.253357,25304803
2013-04-09,9.500000,9.760000,9.500000,9.700000,8.462744,34614646
2013-04-10,9.700000,9.720000,9.480000,9.570000,8.349325,19361979
2013-04-11,9.700000,9.740000,9.500000,9.500000,8.288255,17149544
2013-04-12,9.490000,9.580000,9.270000,9.290000,8.105041,19190115
2013-04-15,9.240000,9.390000,9.080000,9.270000,8.087594,21593186
2013-04-16,9.080000,9.700000,9.050000,9.630000,8.401673,36480860
2013-04-17,9.610000,9.740000,9.420000,9.600000,8.375500,26043792
2013-04-18,9.450000,9.760000,9.430000,9.710000,8.471469,25483061
2013-04-19,9.710000,10.200000,9.710000,10.090000,8.803000,62702864
2013-04-22,10.020000,10.160000,9.950000,10.050000,8.768103,29228741
2013-04-23,10.050000,10.050000,9.530000,9.620000,8.392949,38307601
2013-04-24,9.630000,10.030000,9.460000,9.890000,8.628510,44420283
2013-04-25,9.790000,10.110000,9.610000,9.720000,8.480193,41935355
2013-04-26,9.770000,9.900000,9.590000,9.640000,8.410398,22112830
2013-05-02,9.650000,9.970000,9.590000,9.810000,8.558714,24792787
2013-05-03,9.880000,10.250000,9.880000,10.060000,8.776827,45673544
2013-05-06,10.140000,10.260000,10.030000,10.190000,8.890244,37603473
2013-05-07,10.100000,10.160000,9.900000,10.000000,8.724479,36059779
2013-05-08,10.000000,10.110000,9.820000,9.910000,8.645958,30108405
2013-05-09,9.910000,9.920000,9.580000,9.770000,8.523816,46984659
2013-05-10,9.700000,9.880000,9.650000,9.800000,8.549990,19516795
2013-05-13,9.810000,9.850000,9.610000,9.680000,8.445296,19688383
2013-05-14,9.660000,9.680000,9.450000,9.470000,8.262082,24102943
2013-05-15,9.520000,9.610000,9.440000,9.500000,8.288255,17619346
2013-05-16,9.480000,9.810000,9.400000,9.800000,8.549990,32182842
2013-05-17,9.790000,10.000000,9.690000,9.950000,8.680856,36550813
2013-05-20,9.950000,10.190000,9.930000,10.000000,8.724479,41928379
2013-05-21,10.000000,10.030000,9.850000,9.940000,8.672132,31091238
2013-05-22,10.010000,10.130000,9.940000,10.000000,8.724479,31210371
2013-05-23,9.900000,10.070000,9.830000,9.850000,8.593612,27699003
2013-05-24,9.900000,9.990000,9.790000,9.920000,8.654683,23270743
2013-05-27,9.950000,10.450000,9.920000,10.350000,9.029837,91710862
2013-05-28,10.350000,10.690000,10.280000,10.660000,9.300295,98990312
2013-05-29,10.720000,10.800000,10.540000,10.580000,9.230498,69613973
2013-05-30,10.550000,10.930000,10.530000,10.700000,9.335193,71615993
2013-05-31,10.760000,10.860000,10.440000,10.470000,9.134528,44325600
2013-06-03,10.500000,10.650000,10.330000,10.390000,9.064735,47061781
2013-06-04,10.370000,10.390000,10.090000,10.140000,8.846622,47466417
2013-06-05,10.200000,10.260000,10.140000,10.240000,8.933867,24198739
2013-06-06,10.190000,10.330000,10.120000,10.150000,8.855346,22308360
2013-06-07,10.190000,10.400000,9.900000,9.950000,8.680856,50082516
2013-06-13,9.590000,9.590000,9.070000,9.190000,8.140517,41692745
2013-06-14,9.250000,9.260000,9.090000,9.210000,8.158234,29395932
2013-06-17,9.250000,9.280000,9.020000,9.080000,8.043079,18818713
2013-06-18,9.120000,9.240000,9.070000,9.180000,8.131660,21364096
2013-06-19,9.130000,9.140000,8.760000,9.000000,7.972215,32032581
2013-06-20,8.920000,8.990000,8.650000,8.670000,7.679900,23442301
2013-06-21,8.400000,8.800000,8.380000,8.630000,7.644469,30249958
2013-06-24,8.610000,8.630000,7.870000,8.030000,7.112987,39741134
2013-06-25,7.900000,8.020000,7.230000,7.840000,6.944685,61289843
2013-06-26,7.790000,7.950000,7.610000,7.810000,6.918111,35213281
2013-06-27,7.920000,8.000000,7.660000,7.780000,6.891537,36848856
2013-06-28,7.760000,8.180000,7.670000,8.060000,7.139562,39140806
2013-07-01,8.010000,8.100000,7.840000,8.050000,7.130704,20338468
2013-07-02,8.060000,8.160000,7.890000,8.070000,7.148419,20040571
2013-07-03,8.010000,8.030000,7.750000,7.950000,7.042123,21946995
2013-07-04,7.780000,8.150000,7.700000,8.090000,7.166137,38372525
2013-07-05,8.100000,8.280000,8.050000,8.080000,7.157278,23421113
2013-07-08,7.900000,8.040000,7.720000,7.800000,6.909254,22356692
2013-07-09,7.730000,7.910000,7.730000,7.820000,6.926969,15854012
2013-07-10,7.820000,8.210000,7.790000,8.170000,7.237000,29453191
2013-07-11,8.210000,8.980000,8.180000,8.800000,7.795056,68943908
2013-07-12,8.730000,9.020000,8.610000,8.620000,7.635610,49498476
2013-07-15,8.980000,9.400000,8.700000,9.030000,7.998789,60880925
2013-07-16,8.980000,9.080000,8.780000,9.040000,8.007647,37439925
2013-07-17,8.980000,9.120000,8.740000,8.750000,7.750765,35318644
2013-07-18,8.700000,8.780000,8.570000,8.570000,7.591321,26654620
2013-07-19,8.600000,8.750000,8.250000,8.260000,7.316722,30486155
2013-07-22,8.150000,8.430000,8.110000,8.420000,7.458450,20189475
2013-07-23,8.430000,8.870000,8.400000,8.780000,7.777339,33116674
2013-07-24,8.700000,8.770000,8.520000,8.690000,7.697617,23304094
2013-07-25,8.750000,8.890000,8.630000,8.690000,7.697617,19603439
2013-07-26,8.630000,8.700000,8.540000,8.600000,7.617894,13272261
2013-07-29,8.480000,8.500000,8.230000,8.250000,7.307864,18287206
2013-07-30,8.280000,8.640000,8.250000,8.430000,7.467309,25100153
2013-07-31,8.540000,8.790000,8.520000,8.540000,7.564747,24533615
2013-08-01,8.630000,8.930000,8.540000,8.820000,7.812770,26639332
2013-08-02,8.900000,8.950000,8.700000,8.760000,7.759623,27189571
2013-08-05,8.750000,8.870000,8.700000,8.860000,7.848203,20686125
2013-08-06,8.830000,9.010000,8.710000,8.960000,7.936783,30821817
2013-08-07,8.960000,9.110000,8.850000,8.880000,7.865919,26562048
2013-08-08,8.790000,8.930000,8.740000,8.780000,7.777339,16226705
2013-08-09,8.820000,8.950000,8.700000,8.850000,7.839345,19846156
2013-08-12,8.850000,9.140000,8.830000,9.130000,8.087369,38858739
2013-08-13,9.140000,9.150000,9.000000,9.110000,8.069654,24562356
2013-08-14,9.110000,9.250000,8.930000,8.980000,7.954498,27767860
2013-08-15,8.930000,9.020000,8.740000,8.760000,7.759623,29234519
2013-08-16,8.740000,9.640000,8.680000,8.750000,7.750765,69060989
2013-08-19,8.540000,8.640000,8.400000,8.550000,7.573605,46161804
2013-08-20,8.510000,8.660000,8.350000,8.410000,7.449592,34212885
2013-08-21,8.480000,8.540000,8.420000,8.520000,7.547030,18557108
2013-08-22,8.490000,8.580000,8.380000,8.410000,7.449592,24321467
2013-08-23,8.470000,8.500000,8.100000,8.290000,7.343296,23266278
2013-08-26,8.480000,8.720000,8.420000,8.700000,7.706475,47651955
2013-08-27,8.670000,8.790000,8.610000,8.710000,7.715333,25004938
2013-08-28,8.600000,8.680000,8.500000,8.590000,7.609037,28199509
2013-08-29,8.740000,8.830000,8.600000,8.660000,7.671042,24514277
2013-08-30,8.670000,8.920000,8.570000,8.800000,7.795056,43877447
2013-09-02,8.800000,8.910000,8.710000,8.850000,7.839345,27411257
2013-09-03,8.860000,8.910000,8.770000,8.910000,7.892493,31894603
2013-09-04,8.890000,8.920000,8.770000,8.810000,7.803912,20221439
2013-09-05,8.870000,8.870000,8.710000,8.740000,7.741907,15829548
2013-09-06,8.750000,8.860000,8.730000,8.810000,7.803912,19978963
2013-09-09,8.890000,9.450000,8.850000,9.340000,8.273388,89134699
2013-09-10,9.340000,9.650000,9.230000,9.630000,8.530271,84545393
2013-09-11,9.750000,9.900000,9.510000,9.600000,8.503696,74533951
2013-09-12,9.550000,10.060000,9.510000,9.960000,8.822584,75947718
2013-09-13,9.940000,10.100000,9.840000,9.890000,8.760579,52821553
2013-09-16,9.970000,9.990000,9.600000,9.630000,8.530271,42405363
2013-09-17,9.630000,9.710000,9.360000,9.380000,8.308820,35057967
2013-09-18,9.400000,9.470000,9.250000,9.450000,8.370827,31311302
2013-09-23,9.440000,9.580000,9.380000,9.560000,8.468265,35261535
2013-09-24,9.510000,9.540000,9.220000,9.390000,8.317677,46892626
2013-09-25,9.360000,9.480000,9.240000,9.270000,8.211384,21546106
2013-09-26,9.270000,9.300000,9.020000,9.100000,8.060797,28748800
2013-09-27,9.100000,9.270000,9.070000,9.260000,8.202523,17296110
2013-09-30,9.280000,9.330000,9.130000,9.180000,8.131660,15216769
2013-10-08,9.140000,9.350000,9.070000,9.290000,8.229097,18336903
2013-10-09,9.280000,9.410000,9.220000,9.360000,8.291103,18030183
2013-10-10,9.360000,9.390000,8.890000,8.940000,7.919067,50991268
2013-10-11,9.030000,9.150000,8.980000,9.120000,8.078511,30614556
2013-10-14,9.110000,9.150000,8.990000,9.070000,8.034221,25454807
2013-10-15,9.070000,9.160000,8.990000,9.080000,8.043079,23555377
2013-10-16,9.020000,9.060000,8.740000,8.810000,7.803912,36271883
2013-10-17,8.870000,9.080000,8.770000,8.900000,7.883636,26735678
2013-10-18,8.900000,9.190000,8.860000,9.060000,8.025365,33974694
2013-10-21,9.090000,9.190000,8.960000,9.170000,8.122801,28033697
2013-10-22,9.160000,9.170000,8.950000,8.990000,7.963357,31093541
2013-10-23,9.030000,9.190000,8.840000,8.870000,7.857061,30765445
2013-10-24,8.840000,8.870000,8.700000,8.730000,7.733049,22138017
2013-10-25,8.730000,8.870000,8.590000,8.630000,7.644469,29146794
2013-10-28,8.620000,8.670000,8.390000,8.530000,7.555889,29354458
2013-10-29,8.550000,8.780000,8.390000,8.630000,7.644469,38389376
2013-10-30,8.680000,8.740000,8.560000,8.720000,7.724191,24138583
2013-10-31,8.740000,8.780000,8.650000,8.710000,7.715333,17557427
2013-11-01,8.760000,8.910000,8.690000,8.850000,7.839345,24051240
2013-11-04,8.890000,8.940000,8.730000,8.750000,7.750765,19470127
2013-11-05,8.690000,8.720000,8.540000,8.700000,7.706475,18302979
2013-11-06,8.660000,8.730000,8.560000,8.570000,7.591321,12789614
2013-11-07,8.540000,8.620000,8.440000,8.500000,7.529314,16377660
2013-11-08,8.450000,8.530000,8.240000,8.310000,7.361012,22997485
2013-11-11,8.280000,8.360000,8.220000,8.280000,7.334438,14924660
2013-11-12,8.310000,8.410000,8.290000,8.400000,7.440733,17632199
2013-11-13,8.310000,8.330000,8.150000,8.160000,7.228141,18442448
2013-11-14,8.150000,8.230000,8.130000,8.190000,7.254715,14593023
2013-11-15,8.250000,8.870000,8.220000,8.600000,7.617894,58314881
2013-11-18,8.720000,9.160000,8.630000,9.140000,8.096228,81380894
2013-11-19,9.130000,9.130000,8.950000,9.000000,7.972215,36526182
2013-11-20,9.110000,9.170000,8.950000,9.040000,8.007647,23591590
2013-11-21,8.980000,9.000000,8.730000,8.930000,7.910209,44639880
2013-11-22,8.980000,9.050000,8.870000,8.890000,7.874777,33304606
2013-11-25,8.860000,9.130000,8.780000,8.880000,7.865919,39417217
2013-11-26,8.880000,9.140000,8.860000,8.960000,7.936783,32296796
2013-11-27,8.970000,9.280000,8.910000,9.220000,8.167091,60513222
2013-11-28,9.220000,9.350000,9.160000,9.200000,8.149376,45639909
2013-11-29,9.220000,9.260000,9.160000,9.220000,8.167091,24352184
2013-12-02,9.500000,9.840000,9.340000,9.530000,8.441689,117453037
2013-12-03,9.550000,9.560000,9.380000,9.520000,8.432833,41353303
2013-12-04,9.530000,9.750000,9.470000,9.580000,8.485981,45942247
2013-12-05,9.580000,9.780000,9.490000,9.670000,8.565703,43404808
2013-12-06,9.630000,9.670000,9.440000,9.470000,8.388542,37693669
2013-12-09,9.480000,9.650000,9.410000,9.430000,8.353109,25079345
2013-12-10,9.430000,9.490000,9.300000,9.360000,8.291103,31281788
2013-12-11,9.270000,9.300000,9.000000,9.080000,8.043079,36491412
2013-12-12,9.040000,9.180000,9.040000,9.080000,8.043079,22023786
2013-12-13,9.000000,9.190000,8.970000,9.140000,8.096228,19048520
2013-12-16,9.210000,9.250000,8.880000,8.900000,7.883636,30558604
2013-12-17,8.900000,9.020000,8.840000,8.880000,7.865919,17920358
2013-12-18,8.920000,9.060000,8.900000,8.960000,7.936783,14278499
2013-12-19,9.000000,9.090000,8.900000,8.950000,7.927925,18014683
2013-12-20,8.950000,8.990000,8.730000,8.780000,7.777339,24423884
2013-12-23,8.780000,8.870000,8.640000,8.750000,7.750765,20662689
2013-12-24,8.760000,8.860000,8.680000,8.780000,7.777339,14522503
2013-12-25,8.800000,8.910000,8.750000,8.890000,7.874777,19263168
2013-12-26,8.900000,8.900000,8.710000,8.730000,7.733049,17759439
2013-12-27,8.750000,8.940000,8.690000,8.910000,7.892493,29006913
2013-12-30,8.960000,8.970000,8.780000,8.820000,7.812770,24199446
2013-12-31,8.780000,8.990000,8.750000,8.960000,7.936783,34568126
2014-01-02,8.950000,8.990000,8.750000,8.850000,7.839345,24232203
2014-01-03,8.800000,8.800000,8.580000,8.600000,7.617894,30505177
2014-01-06,8.600000,8.810000,8.410000,8.750000,7.750765,37823229
2014-01-07,8.650000,8.770000,8.600000,8.640000,7.653327,12428081
2014-01-08,8.680000,8.850000,8.620000,8.670000,7.679900,17802732
2014-01-09,8.650000,8.790000,8.530000,8.540000,7.564747,15934457
2014-01-10,8.530000,8.580000,8.430000,8.490000,7.520456,16029707
2014-01-13,8.480000,8.550000,8.440000,8.500000,7.529314,11720297
2014-01-14,8.500000,8.660000,8.480000,8.630000,7.644469,11447584
2014-01-15,8.600000,8.690000,8.510000,8.620000,7.635610,9204284
2014-01-16,8.620000,8.710000,8.560000,8.600000,7.617894,11617180
2014-01-17,8.560000,8.640000,8.420000,8.540000,7.564747,20004270
2014-01-20,8.510000,8.580000,8.480000,8.520000,7.547030,7109254
2014-01-21,8.540000,8.750000,8.540000,8.670000,7.679900,16100028
2014-01-22,8.700000,8.850000,8.640000,8.830000,7.821629,47555929
2014-01-23,8.790000,8.810000,8.700000,8.720000,7.724191,23834989
2014-01-24,8.710000,8.870000,8.680000,8.810000,7.803912,24879224
2014-01-27,8.710000,8.750000,8.550000,8.560000,7.582462,19944176
2014-01-28,8.600000,8.660000,8.540000,8.620000,7.635610,14771262
2014-01-29,8.660000,8.690000,8.600000,8.640000,7.653327,11307287
2014-01-30,8.610000,8.640000,8.460000,8.460000,7.493883,12783067
2014-02-07,8.380000,8.510000,8.320000,8.490000,7.520456,12015872
2014-02-10,8.510000,8.690000,8.510000,8.670000,7.679900,23098900
2014-02-11,8.640000,8.820000,8.630000,8.720000,7.724191,30420030
2014-02-12,8.730000,8.840000,8.670000,8.740000,7.741907,20994039
2014-02-13,8.710000,8.760000,8.600000,8.610000,7.626752,26211819
2014-02-14,8.610000,8.710000,8.610000,8.690000,7.697617,16149788
2014-02-17,8.780000,8.820000,8.690000,8.750000,7.750765,21269447
2014-02-18,8.770000,8.770000,8.450000,8.490000,7.520456,33800095
2014-02-19,8.430000,8.610000,8.400000,8.550000,7.573605,29686437
2014-02-20,8.560000,8.650000,8.360000,8.380000,7.423018,29544583
2014-02-21,8.380000,8.380000,8.080000,8.170000,7.237000,39650592
2014-02-24,8.090000,8.100000,7.900000,7.950000,7.042123,27752640
2014-02-25,7.960000,8.030000,7.710000,7.730000,6.847247,25943800
2014-02-26,7.710000,7.780000,7.630000,7.750000,6.864964,18257643
2014-02-27,7.800000,7.860000,7.650000,7.690000,6.811815,21360446
2014-02-28,7.670000,8.090000,7.670000,8.020000,7.104130,44242630
2014-03-03,7.960000,7.980000,7.860000,7.890000,6.988975,23567925
2014-03-04,7.910000,7.960000,7.820000,7.920000,7.015550,17483620
2014-03-05,7.950000,8.050000,7.730000,7.890000,6.988975,21915322
2014-03-06,7.860000,8.010000,7.770000,7.920000,7.015550,22594209
2014-03-07,7.900000,8.020000,7.820000,7.860000,6.962401,20690409
2014-03-10,7.780000,7.840000,7.480000,7.520000,6.661229,31861078
2014-03-11,7.520000,7.580000,7.420000,7.520000,6.661229,23326611
2014-03-12,7.480000,7.550000,7.330000,7.450000,6.599222,26922965
2014-03-13,7.460000,7.630000,7.380000,7.440000,6.590365,42999349
2014-03-14,7.380000,7.500000,7.350000,7.400000,6.554933,27343266
2014-03-17,7.450000,7.490000,7.370000,7.460000,6.608080,18138943
2014-03-18,7.470000,7.480000,7.390000,7.420000,6.572649,21446263
2014-03-19,7.400000,7.410000,7.330000,7.390000,6.546074,14657886
2014-03-20,7.390000,7.450000,7.260000,7.270000,6.439778,22227360
2014-03-21,7.260000,7.590000,7.230000,7.560000,6.696661,50582753
2014-03-24,7.560000,7.960000,7.510000,7.830000,6.935827,63408623
2014-03-25,7.790000,7.940000,7.750000,7.780000,6.891537,34900973
2014-03-26,7.870000,7.950000,7.750000,7.770000,6.882679,19809236
2014-03-27,7.750000,7.860000,7.600000,7.730000,6.847247,30020790
2014-03-28,7.710000,7.830000,7.650000,7.700000,6.820673,19039035
2014-03-31,7.750000,7.770000,7.550000,7.580000,6.714377,17899195
2014-04-01,7.600000,7.720000,7.570000,7.690000,6.811815,16003038
2014-04-02,7.690000,7.780000,7.650000,7.740000,6.856105,15280050
2014-04-03,7.790000,7.910000,7.710000,7.720000,6.838388,22160928
2014-04-04,7.680000,8.050000,7.650000,8.010000,7.095272,39414685
2014-04-08,7.930000,8.360000,7.900000,8.160000,7.228141,75106220
2014-04-09,8.300000,8.340000,8.080000,8.120000,7.192709,47154325
2014-04-10,8.150000,8.730000,8.140000,8.610000,7.626752,125354208
2014-04-11,8.570000,8.690000,8.460000,8.540000,7.564747,61096892
2014-04-14,8.550000,8.620000,8.440000,8.540000,7.564747,31273668
2014-04-15,8.500000,8.500000,8.210000,8.270000,7.325581,40775023
2014-04-16,8.260000,8.480000,8.250000,8.350000,7.396444,30256574
2014-04-17,8.400000,8.480000,8.270000,8.360000,7.405302,32370595
2014-04-18,8.300000,8.440000,8.210000,8.370000,7.414160,22251398
2014-04-21,8.290000,8.410000,8.100000,8.130000,7.201568,28997315
2014-04-22,8.110000,8.180000,7.930000,8.130000,7.201568,37484318
2014-04-23,8.100000,8.140000,8.000000,8.050000,7.130704,17521907
2014-04-24,8.040000,8.150000,7.990000,8.020000,7.104130,18115188
2014-04-25,8.050000,8.090000,7.940000,7.950000,7.042123,19444639
2014-04-28,7.950000,8.010000,7.820000,7.860000,6.962401,23129733
2014-04-29,7.850000,8.200000,7.820000,8.150000,7.219283,32192358
2014-04-30,8.120000,8.150000,8.010000,8.110000,7.183851,18129831
2014-05-05,8.070000,8.190000,7.970000,8.150000,7.219283,18575455
2014-05-06,8.100000,8.190000,8.070000,8.110000,7.183851,17792167
2014-05-07,8.090000,8.170000,8.050000,8.090000,7.166137,16864758
2014-05-08,8.070000,8.320000,8.050000,8.130000,7.201568,26596060
2014-05-09,8.150000,8.250000,8.110000,8.200000,7.263573,25462808
2014-05-12,8.360000,8.460000,8.220000,8.390000,7.431876,50295520
2014-05-13,8.340000,8.400000,8.270000,8.310000,7.361012,24584280
2014-05-14,8.330000,8.400000,8.310000,8.330000,7.378728,18338672
2014-05-15,8.320000,8.350000,8.090000,8.100000,7.174994,27372505
2014-05-16,8.140000,8.190000,7.900000,7.980000,7.068698,31854322
2014-05-19,7.930000,7.930000,7.690000,7.750000,6.864964,29064869
2014-05-20,7.810000,7.880000,7.740000,7.770000,6.882679,14832839
2014-05-21,7.750000,7.880000,7.700000,7.870000,6.971260,15973523
2014-05-22,7.870000,7.990000,7.830000,7.850000,6.953544,19893212
2014-05-23,7.850000,7.950000,7.840000,7.940000,7.033265,14024117
2014-05-26,8.000000,8.010000,7.890000,7.930000,7.024407,16869534
2014-05-27,7.920000,7.950000,7.860000,7.860000,6.962401,10397592
2014-05-28,7.870000,8.020000,7.800000,7.990000,7.077555,26322754
2014-05-29,7.970000,7.990000,7.840000,7.840000,6.944685,18046261
2014-05-30,7.850000,7.900000,7.800000,7.820000,6.926969,21180464
2014-06-03,7.850000,7.910000,7.780000,7.790000,6.900395,24139652
2014-06-04,7.790000,7.800000,7.600000,7.650000,6.776383,27358192
2014-06-05,7.650000,7.730000,7.630000,7.720000,6.838388,15567067
2014-06-06,7.710000,7.730000,7.580000,7.630000,6.758667,15990335
2014-06-09,7.610000,7.740000,7.580000,7.630000,6.758667,17655202
2014-06-10,7.680000,7.780000,7.600000,7.770000,6.882679,26910941
2014-06-11,7.730000,7.750000,7.670000,7.710000,6.829531,15896849
2014-06-12,7.700000,7.730000,7.660000,7.670000,6.794099,13391123
2014-06-13,7.680000,7.860000,7.650000,7.780000,6.891537,27262389
2014-06-16,7.820000,7.910000,7.790000,7.860000,6.962401,24673035
2014-06-17,7.840000,7.850000,7.790000,7.800000,6.909254,16345869
2014-06-18,7.810000,7.820000,7.700000,7.720000,6.838388,13486093
2014-06-19,7.730000,7.760000,7.530000,7.560000,6.696661,16350960
2014-06-20,7.560000,7.620000,7.560000,7.590000,6.723235,16176551
2014-06-23,7.600000,7.670000,7.570000,7.590000,6.723235,13325444
2014-06-24,7.600000,7.640000,7.550000,7.610000,6.740951,17842939
2014-06-25,7.480000,7.480000,7.380000,7.400000,6.686734,17040353
2014-06-26,7.420000,7.510000,7.400000,7.460000,6.740951,32538609
2014-06-27,7.450000,7.520000,7.410000,7.470000,6.749986,24711162
2014-06-30,7.490000,7.540000,7.460000,7.520000,6.795167,34677436
2014-07-01,7.540000,7.560000,7.500000,7.510000,6.786132,16184964
2014-07-02,7.520000,7.590000,7.510000,7.580000,6.849384,22418952
2014-07-03,7.570000,7.680000,7.540000,7.630000,6.894565,27004819
2014-07-04,7.620000,7.650000,7.560000,7.580000,6.849384,17467083
2014-07-07,7.580000,7.620000,7.540000,7.580000,6.849384,12709972
2014-07-08,7.580000,7.590000,7.530000,7.590000,6.858420,12632629
2014-07-09,7.590000,7.620000,7.450000,7.460000,6.740951,20900170
2014-07-10,7.480000,7.530000,7.440000,7.480000,6.759023,14439577
2014-07-11,7.470000,7.630000,7.460000,7.580000,6.849384,20600431
2014-07-14,7.590000,7.690000,7.570000,7.680000,6.939745,24528169
2014-07-15,7.680000,7.680000,7.610000,7.660000,6.921673,19198588
2014-07-16,7.640000,7.760000,7.640000,7.670000,6.930710,26043690
2014-07-17,7.660000,7.670000,7.570000,7.630000,6.894565,18951979
2014-07-18,7.600000,7.740000,7.580000,7.690000,6.948782,32515166
2014-07-21,7.690000,7.710000,7.610000,7.620000,6.885529,20753470
2014-07-22,7.610000,7.780000,7.610000,7.740000,6.993962,40221751
2014-07-23,7.750000,7.850000,7.720000,7.780000,7.030107,40855540
2014-07-24,7.780000,8.090000,7.770000,7.980000,7.210830,81787796
2014-07-25,8.020000,8.120000,7.960000,8.110000,7.328299,66341756
2014-07-28,8.200000,8.650000,8.200000,8.450000,7.635527,153311356
2014-07-29,8.440000,8.580000,8.390000,8.400000,7.590346,63242572
2014-07-30,8.390000,8.500000,8.330000,8.390000,7.581310,55970493
2014-07-31,8.390000,8.580000,8.330000,8.560000,7.734925,73905344
2014-08-01,8.500000,8.650000,8.410000,8.440000,7.626492,73064863
2014-08-04,8.510000,8.850000,8.450000,8.800000,7.951793,99846001
2014-08-05,8.820000,8.920000,8.690000,8.810000,7.960827,69612043
2014-08-06,8.740000,8.850000,8.640000,8.800000,7.951793,66698357
2014-08-07,8.790000,8.820000,8.530000,8.550000,7.725889,64172468
2014-08-08,8.570000,8.600000,8.450000,8.520000,7.698780,43655073
2014-08-11,8.560000,8.750000,8.520000,8.710000,7.870467,52434437
2014-08-12,8.730000,8.780000,8.650000,8.690000,7.852394,35690794
2014-08-13,8.700000,8.820000,8.530000,8.670000,7.834321,62554785
2014-08-14,8.670000,8.700000,8.480000,8.490000,7.671671,51163356
2014-08-15,8.520000,8.770000,8.490000,8.710000,7.870467,63034971
2014-08-18,8.740000,8.850000,8.710000,8.780000,7.933719,52374819
2014-08-19,8.800000,8.860000,8.600000,8.690000,7.852394,46915022
2014-08-20,8.680000,8.770000,8.630000,8.690000,7.852394,28677100
2014-08-21,8.700000,8.710000,8.510000,8.580000,7.752997,34972832
2014-08-22,8.590000,8.680000,8.530000,8.670000,7.834321,32837094
2014-08-25,8.690000,8.700000,8.490000,8.510000,7.689745,35375865
2014-08-26,8.480000,8.540000,8.320000,8.350000,7.545166,40523752
2014-08-27,8.340000,8.440000,8.320000,8.340000,7.536129,23410529
2014-08-28,8.340000,8.420000,8.250000,8.310000,7.509022,28644167
2014-08-29,8.330000,8.390000,8.250000,8.380000,7.572274,29782815
2014-09-01,8.390000,8.450000,8.350000,8.430000,7.617456,30128949
2014-09-02,8.450000,8.640000,8.400000,8.610000,7.780105,52358849
2014-09-03,8.700000,8.840000,8.660000,8.690000,7.852394,66012320
2014-09-04,8.720000,8.850000,8.690000,8.840000,7.987937,64199174
2014-09-05,8.930000,9.110000,8.910000,8.980000,8.114441,84874078
2014-09-09,8.990000,9.060000,8.900000,9.040000,8.168658,56713342
2014-09-10,8.960000,8.980000,8.860000,8.890000,8.033117,42061044
2014-09-11,8.890000,9.150000,8.850000,8.900000,8.042153,76302224
2014-09-12,8.870000,8.920000,8.780000,8.880000,8.024080,53201475
2014-09-15,8.860000,8.890000,8.750000,8.850000,7.996973,46903887
2014-09-16,8.860000,8.880000,8.570000,8.590000,7.762033,70879486
2014-09-17,8.620000,8.650000,8.520000,8.590000,7.762033,41639247
2014-09-18,8.580000,8.740000,8.500000,8.660000,7.825286,47279203
2014-09-19,8.660000,8.770000,8.640000,8.740000,7.897575,37580403
2014-09-22,8.750000,8.760000,8.490000,8.540000,7.716853,43936808
2014-09-23,8.550000,8.730000,8.550000,8.680000,7.843359,39342366
2014-09-24,8.680000,9.110000,8.640000,9.030000,8.159622,107232258
2014-09-25,9.100000,9.210000,8.960000,9.030000,8.159622,82960977
2014-09-26,8.980000,9.080000,8.940000,8.980000,8.114441,38555402
2014-09-29,9.050000,9.160000,9.000000,9.150000,8.268055,81606583
2014-09-30,9.170000,9.180000,9.080000,9.120000,8.240948,42806409
2014-10-08,9.150000,9.150000,8.970000,9.120000,8.240948,49018469
2014-10-09,9.120000,9.150000,8.980000,9.050000,8.177695,49380288
2014-10-10,9.000000,9.100000,8.960000,9.020000,8.150586,45874166
2014-10-13,8.950000,8.990000,8.840000,8.930000,8.069262,40579276
2014-10-14,8.910000,9.060000,8.890000,8.970000,8.105407,50648675
2014-10-15,9.000000,9.420000,8.990000,9.350000,8.448779,118352861
2014-10-16,9.280000,9.420000,9.180000,9.190000,8.304200,81762517
2014-10-17,9.200000,9.420000,9.120000,9.390000,8.484922,94783388
2014-10-20,9.460000,9.530000,9.340000,9.390000,8.484922,62325396
2014-10-21,9.370000,9.590000,9.300000,9.330000,8.430706,76706964
2014-10-22,9.330000,9.450000,9.200000,9.220000,8.331309,53263250
2014-10-23,9.190000,9.290000,9.100000,9.130000,8.249984,45920858
2014-10-24,9.170000,9.230000,9.100000,9.130000,8.249984,31760382
2014-10-27,8.910000,8.960000,8.810000,8.890000,8.033117,57969664
2014-10-28,8.920000,9.240000,8.900000,9.220000,8.331309,59262074
2014-10-29,9.230000,9.670000,9.200000,9.470000,8.557213,111698910
2014-10-30,9.480000,9.940000,9.430000,9.750000,8.810224,157656248
2014-10-31,9.850000,10.720000,9.850000,10.470000,9.460824,247630375
2014-11-03,10.500000,10.820000,10.440000,10.590000,9.569259,171005002
2014-11-04,10.490000,10.790000,10.460000,10.640000,9.614439,105910980
2014-11-05,10.560000,11.220000,10.520000,10.950000,9.894558,162335968
2014-11-06,10.910000,11.010000,10.630000,10.940000,9.885523,91215962
2014-11-07,10.970000,11.990000,10.890000,11.390000,10.292149,204120962
2014-11-10,11.800000,12.420000,11.310000,12.340000,11.150580,202397499
2014-11-11,12.500000,13.060000,11.810000,12.250000,11.069256,237058055
2014-11-12,11.900000,12.960000,11.850000,12.930000,11.683713,184463881
2014-11-13,12.980000,13.480000,12.650000,12.870000,11.629495,207916339
2014-11-14,12.760000,13.120000,12.380000,12.660000,11.439736,126170380
2014-11-17,12.660000,12.660000,12.660000,12.660000,11.439736,0
2014-11-18,12.660000,12.660000,12.660000,12.660000,11.439736,0
2014-11-19,12.660000,12.660000,12.660000,12.660000,11.439736,0
2014-11-20,12.660000,12.660000,12.660000,12.660000,11.439736,0
2014-11-21,12.660000,12.660000,12.660000,12.660000,11.439736,0
2014-11-24,12.660000,12.660000,12.660000,12.660000,11.439736,0
2014-11-25,12.660000,12.660000,12.660000,12.660000,11.439736,0
2014-11-26,13.930000,13.930000,13.930000,13.930000,12.587325,2877472
2014-11-27,15.320000,15.320000,15.320000,15.320000,13.843346,11889113
2014-11-28,16.850000,16.850000,16.850000,16.850000,15.225876,20611062
2014-12-01,18.000000,18.540001,17.280001,18.540001,16.752983,510829586
2014-12-02,18.000000,20.389999,17.910000,20.389999,18.424664,408511241
2014-12-03,20.580000,22.400000,19.870001,20.500000,18.524061,396073838
2014-12-04,20.420000,22.549999,20.420000,22.549999,20.376467,321164723
2014-12-05,23.330000,24.809999,22.379999,24.799999,22.409594,552089501
2014-12-08,23.799999,27.209999,23.120001,26.400000,23.855377,505970522
2014-12-09,25.900000,28.660000,23.760000,24.129999,21.804174,663484739
2014-12-10,23.600000,25.010000,21.770000,23.219999,20.981888,503475489
2014-12-11,22.549999,22.980000,21.000000,21.100000,19.066229,358320806
2014-12-12,20.799999,22.650000,20.799999,21.389999,19.328276,365248798
2014-12-15,21.280001,22.740000,21.000000,22.510000,20.340321,283198756
2014-12-16,23.740000,24.760000,23.270000,24.760000,22.373453,444458374
2014-12-17,25.809999,26.400000,23.540001,25.040001,22.626465,456614716
2014-12-18,24.160000,24.510000,22.660000,22.870001,20.665625,277208107
2014-12-19,22.860001,23.770000,21.530001,22.690001,20.502975,237664736
2014-12-22,22.709999,23.500000,21.389999,22.400000,20.240923,246993685
2014-12-23,22.650000,24.190001,22.549999,23.219999,20.981888,287194565
2014-12-24,23.410000,23.850000,21.200001,21.840000,19.734903,261280906
2014-12-25,22.020000,22.980000,21.469999,22.830000,20.629478,223310814
2014-12-26,22.850000,25.110001,22.700001,24.980000,22.572247,399654977
2014-12-29,25.600000,25.730000,23.549999,23.980000,21.668631,295491673
2014-12-30,23.980000,24.920000,23.020000,23.799999,21.505981,259650952
2014-12-31,23.950001,25.330000,23.680000,24.469999,22.111401,271910216
2015-01-05,24.469999,24.940001,23.600000,24.570000,22.201767,244832642
2015-01-06,24.389999,25.400000,23.799999,24.840000,22.445742,251334966
2015-01-07,24.990000,27.320000,24.860001,26.889999,24.298145,468941564
2015-01-08,26.700001,26.799999,24.850000,25.209999,22.780073,345442534
2015-01-09,24.900000,26.400000,24.740000,24.950001,22.545139,274640808
2015-01-12,25.100000,25.480000,23.980000,24.320000,21.975861,201740125
2015-01-13,24.809999,24.990000,23.660000,23.889999,21.587307,189851982
2015-01-14,23.990000,25.379999,23.650000,25.010000,22.599354,220915767
2015-01-15,24.830000,26.549999,24.450001,26.020000,23.512003,263181277
2015-01-16,26.000000,26.240000,25.150000,25.719999,23.240917,190927442
2015-01-19,23.150000,23.150000,23.150000,23.150000,20.918633,37243000
2015-01-20,21.520000,22.200001,20.840000,21.209999,19.165625,416215669
2015-01-21,21.990000,23.100000,21.580000,22.760000,20.566225,295578059
2015-01-22,22.700001,23.000000,22.049999,22.629999,20.448753,183570383
2015-01-23,22.879999,23.900000,22.650000,22.799999,20.602371,209319064
2015-01-26,22.959999,23.100000,22.129999,22.440001,20.277069,128973005
2015-01-27,22.559999,22.900000,21.900000,22.719999,20.530081,153717277
2015-01-28,22.600000,23.250000,22.200001,22.600000,20.421648,153601907
2015-01-29,22.110001,22.379999,21.629999,21.860001,19.752975,113446490
2015-01-30,22.000000,22.250000,21.059999,21.090000,19.057192,108193013
2015-02-02,20.360001,20.860001,19.629999,20.219999,18.271048,154937097
2015-02-03,20.530001,21.340000,20.240000,21.209999,19.165625,154449651
2015-02-04,21.309999,22.990000,21.160000,21.469999,19.400566,203760885
2015-02-05,22.500000,22.860001,21.879999,21.900000,19.789116,266470222
2015-02-06,21.379999,22.450001,21.250000,21.879999,19.771046,122520258
2015-02-09,21.799999,23.129999,21.610001,22.680000,20.493937,182361317
2015-02-10,22.680000,23.350000,22.500000,22.930000,20.719837,134650214
2015-02-11,22.959999,23.100000,22.549999,22.940001,20.728878,88447030
2015-02-12,22.889999,22.940001,22.309999,22.680000,20.493937,80975838
2015-02-13,22.860001,23.299999,22.410000,22.780001,20.584297,115689485
2015-02-16,22.740000,22.850000,22.299999,22.600000,20.421648,80841776
2015-02-17,22.709999,23.270000,22.610001,22.730000,20.539116,77947582
2015-02-25,22.740000,22.740000,21.799999,21.930000,19.816227,67538375
2015-02-26,21.860001,23.150000,21.340000,22.980000,20.765020,148648248
2015-02-27,22.900000,23.360001,22.799999,22.980000,20.765020,115957193
2015-03-02,23.480000,23.809999,22.900000,23.180000,20.945742,147926205
2015-03-03,22.900000,22.990000,21.809999,21.920000,19.807192,158277988
2015-03-04,21.850000,22.100000,21.570000,21.850000,19.743938,86144387
2015-03-05,21.730000,22.150000,21.410000,21.719999,19.626467,94428223
2015-03-06,21.780001,22.180000,21.490000,21.540001,19.463820,69953853
2015-03-09,21.000000,21.240000,20.040001,21.070000,19.039120,152847370
2015-03-10,20.900000,21.520000,20.700001,21.150000,19.111406,86883878
2015-03-11,21.230000,21.790001,21.150000,21.240000,19.192734,82596794
2015-03-12,21.469999,21.889999,21.080000,21.700001,19.608397,96079336
2015-03-13,21.900000,22.500000,21.709999,21.889999,19.780081,103066386
2015-03-16,22.020000,23.150000,21.709999,22.879999,20.674660,168385946
2015-03-17,23.780001,24.250000,23.459999,23.870001,21.569235,254500649
2015-03-18,24.549999,25.379999,24.549999,25.110001,22.689716,256359986
2015-03-19,25.180000,25.219999,24.600000,24.860001,22.463812,148228591
2015-03-20,25.080000,27.350000,24.410000,27.240000,24.614408,378221095
2015-03-23,27.370001,28.280001,26.850000,28.190001,25.472843,271273269
2015-03-24,28.100000,28.700001,26.990000,27.629999,24.966818,206775213
2015-03-25,27.680000,28.190001,26.580000,26.709999,24.135494,211060469
2015-03-26,26.389999,27.430000,25.809999,26.459999,23.909590,148865923
2015-03-27,26.500000,27.600000,26.299999,27.000000,24.397545,144037147
2015-03-30,27.070000,29.379999,26.780001,28.790001,26.015011,231293150
2015-03-31,29.629999,31.670000,29.629999,30.110001,27.207779,393669372
2015-04-01,30.000000,31.290001,29.440001,30.860001,27.885489,241942602
2015-04-02,31.000000,31.200001,29.620001,29.990000,27.099344,199320873
2015-04-03,29.959999,31.180000,29.799999,30.620001,27.668621,199133274
2015-04-07,30.610001,31.309999,30.400000,31.080000,28.084282,202930566
2015-04-08,31.500000,32.599998,30.690001,31.870001,28.798138,275531333
2015-04-09,32.400002,34.299999,30.879999,30.959999,27.975849,300337721
2015-04-10,30.500000,30.870001,29.920000,30.600000,27.650549,232453026
2015-04-13,31.200001,31.200001,29.750000,30.190001,27.280069,187555034
2015-04-14,30.110001,30.600000,29.219999,30.200001,27.289104,195520972
2015-04-15,29.820000,30.240000,28.990000,29.020000,26.222843,141298815
2015-04-16,28.780001,30.150000,28.500000,30.000000,27.108379,143452241
2015-04-17,30.440001,30.900000,29.799999,30.120001,27.216818,172355906
2015-04-20,30.129999,30.129999,28.280001,28.340000,25.608383,174418078
2015-04-21,28.340000,30.299999,28.150000,29.840000,26.963802,185258372
2015-04-22,30.410000,32.799999,29.920000,32.360001,29.240911,272449122
2015-04-23,32.400002,33.549999,31.510000,31.930000,28.852354,264941747
2015-04-24,31.100000,31.580000,30.100000,30.459999,27.524044,203727827
2015-04-27,30.520000,31.180000,30.330000,30.620001,27.668621,139564447
2015-04-28,30.660000,31.080000,30.070000,30.620001,27.668621,174264874
2015-04-29,30.600000,30.870001,30.110001,30.629999,27.677656,108098591
2015-04-30,30.299999,30.299999,29.080000,29.129999,26.759050,115870517
2015-05-04,29.190001,29.490000,28.360001,28.670000,26.336491,95252630
2015-05-05,28.490000,29.459999,27.219999,27.730000,25.472998,139446970
2015-05-06,28.280001,28.879999,27.500000,27.799999,25.537300,136215151
2015-05-07,27.639999,28.500000,27.350000,28.080000,25.794512,95247798
2015-05-08,28.400000,28.549999,27.299999,27.940001,25.665907,108569993
2015-05-11,28.100000,28.990000,27.680000,28.920000,26.566141,139270837
2015-05-12,28.920000,30.180000,28.400000,29.330000,26.942772,182104504
2015-05-13,29.250000,29.250000,28.270000,28.480000,26.161955,116000550
2015-05-14,28.400000,28.840000,27.959999,28.070000,25.785324,97370395
2015-05-15,27.900000,27.910000,26.910000,27.100000,24.894274,113421222
2015-05-18,26.879999,28.150000,26.510000,27.309999,25.087183,129030969
2015-05-19,27.370001,30.040001,27.360001,30.040001,27.594984,213885714
2015-05-20,31.700001,31.700001,30.180000,30.389999,27.916494,386665816
2015-05-21,30.139999,30.639999,29.719999,30.400000,27.925680,200385916
2015-05-22,30.760000,33.180000,30.500000,31.730000,29.147430,303616031
2015-05-25,31.990000,34.310001,31.990000,33.270000,30.562086,261321370
2015-05-26,33.419998,34.099998,32.029999,33.290001,30.580460,220435912
2015-05-27,33.189999,34.200001,32.720001,33.290001,30.580460,206861163
2015-05-28,33.299999,33.299999,29.959999,29.969999,27.530680,230145171
2015-05-29,29.969999,30.469999,28.110001,29.219999,26.841724,181528476
2015-06-01,29.010000,31.110001,28.549999,30.410000,27.934866,185902366
2015-06-02,30.150000,30.299999,29.129999,29.870001,27.438818,154200309
2015-06-03,29.889999,30.490000,29.280001,29.480000,27.080561,131599403
2015-06-04,29.450001,30.350000,27.129999,29.969999,27.530680,179804546
2015-06-05,30.700001,30.900000,28.500000,29.629999,27.218353,161554069
2015-06-08,29.629999,31.480000,29.250000,31.290001,28.743244,253272777
2015-06-09,31.500000,31.719999,30.139999,30.459999,27.980799,149846551
2015-06-10,30.100000,30.420000,29.650000,29.950001,27.512308,118449087
2015-06-11,29.930000,30.000000,29.320000,29.530001,27.126493,106163670
2015-06-12,29.799999,30.200001,29.469999,29.660000,27.245913,109450399
2015-06-15,31.160000,31.480000,29.850000,30.190001,27.732775,199776072
2015-06-16,29.910000,31.299999,29.660000,30.600000,28.109402,200672109
2015-06-17,30.629999,30.780001,28.910000,30.070000,27.622541,153074296
2015-06-18,29.549999,29.780001,27.879999,27.980000,25.702650,115525013
2015-06-19,27.400000,28.770000,26.000000,26.180000,24.049156,125120293
2015-06-23,26.500000,27.120001,24.209999,26.959999,24.765669,126811149
2015-06-24,27.010000,27.070000,26.010000,26.680000,24.508459,128419936
2015-06-25,26.719999,27.250000,25.500000,25.559999,23.479620,128270851
2015-06-26,25.100000,26.200001,23.000000,23.000000,21.127983,145538218
2015-06-29,23.709999,23.910000,20.700001,21.080000,19.364256,218129708
2015-06-30,21.080000,23.150000,20.170000,23.129999,21.247402,188172028
2015-07-01,23.000000,23.700001,21.309999,21.660000,19.897051,145105102
2015-07-02,22.620001,23.580000,21.510000,22.450001,20.622749,230319733
2015-07-03,21.799999,23.820000,20.879999,22.510000,20.677864,187517222
2015-07-06,24.719999,24.750000,22.700001,24.190001,22.221125,260557270
2015-07-07,23.299999,24.150000,21.770000,22.790001,20.935076,235340417
2015-07-08,20.510000,22.160000,20.510000,20.540001,18.868206,265716091
2015-07-09,20.540001,22.590000,18.600000,22.590000,20.751354,213061695
2015-07-10,22.490000,24.840000,21.770000,24.469999,22.478334,212396023
2015-07-13,23.980000,25.480000,23.350000,24.309999,22.331358,214504854
2015-07-14,23.450001,24.000000,22.010000,22.360001,20.540073,159017979
2015-07-15,22.000000,22.580000,20.790001,21.480000,19.731697,131102034
2015-07-16,21.480000,22.280001,20.780001,21.480000,19.731697,77128897
2015-07-17,21.770000,22.760000,21.290001,22.350000,20.530888,109487613
2015-07-20,22.180000,22.230000,21.219999,21.590000,19.832745,109752306
2015-07-21,21.250000,22.250000,20.930000,21.530001,19.777630,115703448
2015-07-22,21.299999,21.580000,20.799999,21.020000,19.309139,73955382
2015-07-23,21.059999,21.680000,21.059999,21.430000,19.685768,100114918
2015-07-24,21.330000,21.559999,20.780001,20.820000,19.125418,91701679
2015-07-27,20.500000,20.530001,18.740000,18.740000,17.214714,104327951
2015-07-28,18.240000,20.299999,16.910000,20.020000,18.390532,221040712
2015-07-29,19.820000,20.879999,19.299999,20.219999,18.574251,84389523
2015-07-30,20.059999,20.379999,19.000000,19.049999,17.499481,65073844
2015-07-31,18.680000,19.799999,18.680000,19.370001,17.793438,66167125
2015-08-03,19.000000,19.309999,18.879999,19.110001,17.554598,47241332
2015-08-04,19.219999,19.660000,19.070000,19.559999,17.967972,44275451
2015-08-05,19.400000,19.490000,18.600000,18.870001,17.334131,37818618
2015-08-06,18.500000,18.709999,18.020000,18.110001,16.635990,47316644
2015-08-07,17.990000,18.799999,17.990000,18.320000,16.828899,59450798
2015-08-10,18.440001,19.799999,18.209999,19.459999,17.876110,113616483
2015-08-11,19.379999,19.750000,19.200001,19.250000,17.683203,70301816
2015-08-12,19.000000,19.850000,18.889999,19.129999,17.572969,65437024
2015-08-13,19.070000,19.400000,18.680000,19.309999,17.738319,52995223
2015-08-14,19.400000,19.700001,19.260000,19.379999,17.802620,65143659
2015-08-17,19.299999,19.379999,18.700001,19.000000,17.453550,48323934
2015-08-18,19.200001,19.959999,17.400000,17.670000,16.231802,99120540
2015-08-19,17.360001,18.010000,16.879999,17.830000,16.378778,68220612
2015-08-20,17.600000,17.740000,16.980000,17.010000,15.625520,41833126
2015-08-21,16.840000,17.090000,15.490000,15.520000,14.256796,66030304
2015-08-24,14.780000,14.990000,13.970000,13.970000,12.832953,88969231
2015-08-25,12.800000,13.450000,12.570000,12.570000,11.546902,151236012
2015-08-26,12.600000,13.500000,11.950000,12.410000,11.399924,131490783
2015-08-27,12.710000,13.650000,12.410000,13.650000,12.538998,119214037
2015-08-28,13.990000,15.010000,13.700000,14.870000,13.659700,148598635
2015-08-31,14.610000,14.610000,13.580000,14.590000,13.402491,113089838
2015-09-01,14.200000,15.180000,13.370000,14.960000,13.742375,141770156
2015-09-02,14.100000,15.040000,14.000000,14.820000,13.613770,145477543
2015-09-07,14.650000,15.360000,14.110000,14.120000,12.970744,64044355
2015-09-08,14.010000,14.530000,13.420000,14.430000,13.255513,49603879
2015-09-09,14.450000,15.160000,14.400000,14.960000,13.742375,73228788
2015-09-10,14.680000,14.900000,14.400000,14.660000,13.466793,37117909
2015-09-11,14.630000,14.850000,14.500000,14.610000,13.420862,28153505
2015-09-14,14.530000,14.610000,13.150000,14.520000,13.338186,122207657
2015-09-15,13.900000,14.220000,13.340000,13.850000,12.722720,41858650
2015-09-16,13.850000,15.010000,13.560000,14.740000,13.540280,45067224
2015-09-17,14.740000,14.950000,14.250000,14.270000,13.108535,38992437
2015-09-18,14.400000,14.460000,14.080000,14.120000,12.970744,23155295
2015-09-21,13.960000,14.440000,13.830000,14.320000,13.154466,23327126
2015-09-22,14.320000,15.300000,14.310000,14.880000,13.668887,54179148
2015-09-23,14.580000,14.700000,14.100000,14.190000,13.035047,36746704
2015-09-24,14.310000,14.370000,14.000000,14.230000,13.071790,23569484
2015-09-25,14.150000,14.220000,13.680000,14.020000,12.878883,30109799
2015-09-28,13.910000,14.080000,13.700000,14.060000,12.915627,16903050
2015-09-29,13.820000,14.190000,13.590000,13.830000,12.704349,23870013
2015-09-30,13.830000,14.240000,13.800000,13.920000,12.787023,24176500
2015-10-08,15.100000,15.100000,14.750000,14.780000,13.577024,58867106
2015-10-09,14.800000,15.680000,14.710000,15.550000,14.284354,60520191
2015-10-12,15.650000,17.110001,15.450000,16.900000,15.524473,112248424
2015-10-13,16.440001,17.120001,16.400000,16.690001,15.331567,53888403
2015-10-14,16.500000,17.240000,16.440001,16.530001,15.184590,52887410
2015-10-15,16.350000,17.770000,16.350000,17.590000,16.158314,65371556
2015-10-16,17.700001,18.639999,17.559999,17.730000,16.286917,95599016
2015-10-19,17.930000,19.100000,17.790001,18.309999,16.819712,87092270
2015-10-20,18.000000,18.990000,17.900000,18.930000,17.389250,58283701
2015-10-21,18.889999,19.100000,17.490000,18.320000,16.828899,95718233
2015-10-22,18.100000,18.400000,17.430000,18.139999,16.663546,46137817
2015-10-23,18.400000,18.400000,17.570000,18.139999,16.663546,43244846
2015-10-26,19.000000,19.549999,18.620001,18.700001,17.177969,82573080
2015-10-27,18.490000,18.780001,17.650000,18.559999,17.049360,39934366
2015-10-28,18.350000,18.450001,17.400000,17.480000,16.057266,47391462
2015-10-29,17.700001,17.760000,16.990000,17.270000,15.864360,43395840
2015-10-30,17.209999,18.150000,16.799999,17.680000,16.240990,59980628
2015-11-02,17.129999,17.719999,17.000000,17.040001,15.653079,44092808
2015-11-03,17.080000,17.270000,16.730000,16.900000,15.524473,39557470
2015-11-04,17.010000,18.590000,17.010000,18.590000,17.076921,87283710
2015-11-05,19.400000,20.450001,19.400000,20.450001,18.785534,273123045
2015-11-06,20.190001,22.459999,20.020000,21.900000,20.117512,260954669
2015-11-09,21.879999,22.870001,21.120001,21.170000,19.446930,221939288
2015-11-10,20.740000,22.580000,20.660000,21.370001,19.630651,138323403
2015-11-11,21.280001,22.250000,20.860001,21.780001,20.007280,97122790
2015-11-12,21.799999,22.790001,21.330000,22.170000,20.365538,125165655
2015-11-13,21.799999,22.740000,21.520000,22.000000,20.209375,103717658
2015-11-16,20.900000,21.540001,20.820000,21.370001,19.630651,94359241
2015-11-17,21.750000,22.860001,21.200001,21.320000,19.584721,140140688
2015-11-18,21.200001,21.920000,20.000000,20.299999,18.647741,83933908
2015-11-19,20.430000,20.799999,19.809999,20.780001,19.088675,50077554
2015-11-20,20.709999,20.850000,20.299999,20.500000,18.831463,43548418
2015-11-23,20.400000,21.230000,20.090000,20.150000,18.509949,53758577
2015-11-24,20.170000,20.990000,20.049999,20.700001,19.015186,59596117
2015-11-25,20.299999,21.080000,20.280001,20.940001,19.235649,51859126
2015-11-26,21.150000,21.750000,20.750000,20.770000,19.079485,60984590
2015-11-27,20.430000,20.700001,18.690001,18.690001,17.168783,99693482
2015-11-30,18.620001,19.059999,17.570000,18.670000,17.150410,74910646
2015-12-01,18.580000,18.940001,18.400000,18.790001,17.260645,45220072
2015-12-02,18.889999,20.000000,18.709999,19.940001,18.317041,85365905
2015-12-03,20.000000,20.950001,19.809999,20.530001,18.859022,91853884
2015-12-04,20.080000,20.250000,19.600000,19.799999,18.188437,55594836
2015-12-07,19.799999,19.850000,19.260000,19.420000,17.839365,44293106
2015-12-08,19.299999,19.660000,19.000000,19.040001,17.490297,35349146
2015-12-09,18.950001,19.290001,18.719999,18.969999,17.425991,33072844
2015-12-10,19.049999,20.010000,19.020000,19.129999,17.572969,61790230
2015-12-11,18.889999,19.510000,18.660000,19.209999,17.646458,41151685
2015-12-14,18.920000,21.129999,18.860001,21.129999,19.410185,91350093
2015-12-15,20.930000,21.000000,20.299999,20.540001,18.868206,66933925
2015-12-16,20.670000,21.120001,20.360001,20.660000,18.978437,53087137
2015-12-17,20.850000,21.309999,20.559999,20.910000,19.208092,77373669
2015-12-18,20.860001,21.120001,20.459999,20.639999,18.960068,43009949
2015-12-21,20.500000,21.430000,20.480000,21.020000,19.309139,63554705
2015-12-22,20.920000,21.540001,20.860001,21.450001,19.704142,59788352
2015-12-23,21.450001,23.500000,21.379999,22.070000,20.273678,127694694
2015-12-24,21.799999,22.000000,20.850000,21.450001,19.704142,76938978
2015-12-25,21.400000,21.700001,21.010000,21.410000,19.667395,37610088
2015-12-28,21.600000,21.660000,20.100000,20.170000,18.528324,68317899
2015-12-29,20.139999,20.340000,19.870001,20.240000,18.592623,51346551
2015-12-30,20.299999,20.340000,19.559999,20.070000,18.436462,55454405
2015-12-31,20.000000,20.219999,19.650000,19.719999,18.114948,34338070
2016-01-04,19.639999,19.790001,17.750000,17.750000,16.305290,48713680
2016-01-05,16.879999,18.030001,16.580000,17.570000,16.139942,85745023
2016-01-06,17.480000,17.870001,17.110001,17.799999,16.351221,52526852
2016-01-07,17.350000,17.389999,16.020000,16.040001,14.734471,14175900
2016-01-08,16.580000,17.070000,15.440000,16.480000,15.138658,84358756
2016-01-11,15.880000,16.200001,15.040000,15.100000,13.870979,65695636
2016-01-12,15.250000,15.660000,15.020000,15.140000,13.907724,59789098
2016-01-13,15.370000,15.510000,14.830000,15.020000,13.797492,50955761
2016-01-14,14.600000,15.720000,14.510000,15.530000,14.265982,46390916
2016-01-15,15.500000,15.560000,14.780000,14.960000,13.742375,46495250
2016-01-18,14.500000,15.370000,14.500000,15.060000,13.834236,33757030
2016-01-19,15.120000,15.880000,14.960000,15.700000,14.422145,45920243
2016-01-20,15.590000,15.950000,15.460000,15.540000,14.275167,47181417
2016-01-21,15.260000,15.720000,14.680000,14.860000,13.650514,38429281
2016-01-22,15.060000,15.240000,14.600000,15.110000,13.880165,29833315
2016-01-25,15.110000,15.300000,14.950000,15.160000,13.926096,22622772
2016-01-26,14.990000,15.010000,13.640000,13.670000,12.557371,52717621
2016-01-27,13.690000,13.870000,12.880000,13.560000,12.456325,63218307
2016-01-28,13.480000,13.930000,13.180000,13.250000,12.171556,45196249
2016-01-29,13.410000,14.580000,13.350000,14.580000,13.393303,103990751
2016-02-01,14.360000,14.460000,13.780000,14.110000,12.961557,75248947
2016-02-02,14.090000,14.710000,13.970000,14.480000,13.301442,60763994
2016-02-03,14.170000,14.380000,14.020000,14.280000,13.117722,29329042
2016-02-04,14.390000,15.100000,14.380000,14.700000,13.503536,49954795
2016-02-05,14.450000,14.640000,14.180000,14.200000,13.044232,37707560
2016-02-15,13.620000,14.530000,13.600000,14.240000,13.080977,30154615
2016-02-16,14.350000,15.060000,14.330000,14.850000,13.641328,46418924
2016-02-17,14.860000,15.370000,14.760000,15.120000,13.889352,49488797
2016-02-18,15.150000,16.160000,15.150000,15.310000,14.063889,55225051
2016-02-19,15.200000,15.720000,15.080000,15.490000,14.229237,39520329
2016-02-22,15.700000,16.280001,15.500000,15.930000,14.633425,60397560
2016-02-23,16.000000,16.000000,15.300000,15.570000,14.302725,31231727
2016-02-24,15.450000,15.690000,15.000000,15.580000,14.311912,36120607
2016-02-25,15.550000,15.550000,14.020000,14.040000,12.897256,60130606
2016-02-26,14.230000,14.450000,13.910000,14.290000,13.126907,35931397
2016-02-29,14.160000,14.160000,13.170000,13.630000,12.520626,57878701
2016-03-01,13.750000,14.600000,13.410000,14.140000,12.989117,58463158
2016-03-02,14.100000,15.360000,14.100000,15.230000,13.990399,79746652
2016-03-03,15.200000,15.730000,14.990000,15.200000,13.962840,61773208
2016-03-04,15.050000,15.480000,14.900000,15.360000,14.109818,83876629
2016-03-07,15.510000,15.950000,15.100000,15.250000,14.008771,62658476
2016-03-08,15.230000,15.230000,14.270000,15.190000,13.953655,54074852
2016-03-09,14.750000,15.100000,14.600000,15.080000,13.852608,43754196
2016-03-10,14.900000,15.070000,14.400000,14.410000,13.237142,27401780
2016-03-11,14.210000,14.730000,14.210000,14.610000,13.420862,25231410
2016-03-14,14.770000,15.530000,14.760000,15.000000,13.779119,59701641
2016-03-15,14.980000,15.490000,14.610000,15.440000,14.183307,71012241
2016-03-16,15.120000,15.780000,15.120000,15.580000,14.311912,87919582
2016-03-17,15.580000,16.139999,15.310000,15.680000,14.403771,90606272
2016-03-18,15.700000,16.850000,15.600000,16.350000,15.019240,123006911
2016-03-21,16.910000,17.990000,16.879999,17.980000,16.516569,211565973
2016-03-22,17.670000,18.049999,17.260000,17.430000,16.011335,92662187
2016-03-23,17.290001,17.690001,17.059999,17.520000,16.094011,78806089
2016-03-24,17.209999,17.360001,16.750000,16.780001,15.414241,64420055
2016-03-25,16.750000,17.160000,16.610001,16.990000,15.607149,56159066
2016-03-28,16.990000,17.230000,16.559999,16.600000,15.248892,43357347
2016-03-29,16.549999,16.900000,16.120001,16.500000,15.157031,57450196
2016-03-30,16.700001,17.260000,16.700001,17.139999,15.744940,64506421
2016-03-31,17.180000,17.620001,17.000000,17.110001,15.717382,58896298
